client_id,session_id,activity_type,timestamp,page_visited,referrer
78,session_83,page_view,2024-10-04 22:17:58,/contact,/twitter
70,session_182,purchase,2024-10-07 07:16:58,/checkout,/email_campaign
86,session_66,form_submit,2024-10-09 14:25:58,/products,/direct
47,session_234,page_view,2024-10-07 14:24:58,/products/product123,/google
12,session_377,purchase,2024-10-06 17:33:58,/products/product123,/facebook
9,session_471,click,2024-10-05 00:19:58,/about,/direct
78,session_165,purchase,2024-10-10 10:02:58,/home,/google
20,session_334,scroll,2024-10-04 16:07:58,/products,/facebook
98,session_114,page_view,2024-10-05 22:42:58,/home,/email_campaign
67,session_52,page_view,2024-10-05 14:28:58,/products/product123,/google
37,session_380,scroll,2024-10-05 06:44:58,/home,/email_campaign
71,session_412,page_view,2024-10-05 23:31:58,/contact,/email_campaign
46,session_252,purchase,2024-10-07 14:02:58,/contact,/direct
79,session_367,purchase,2024-10-09 00:53:58,/products/product123,/google
58,session_99,form_submit,2024-10-07 10:54:58,/checkout,/twitter
56,session_27,page_view,2024-10-07 15:28:58,/checkout,/google
61,session_473,scroll,2024-10-06 18:50:58,/products,/twitter
63,session_107,click,2024-10-08 21:23:58,/products,/direct
8,session_337,click,2024-10-09 15:51:58,/home,/google
46,session_128,form_submit,2024-10-09 23:08:58,/products/product123,/direct
49,session_323,form_submit,2024-10-05 15:42:58,/about,/twitter
10,session_230,click,2024-10-04 20:50:58,/about,/facebook
61,session_336,scroll,2024-10-07 07:02:58,/contact,/twitter
18,session_483,click,2024-10-05 09:02:58,/products,/twitter
64,session_171,click,2024-10-10 09:06:58,/checkout,/twitter
26,session_96,page_view,2024-10-07 19:18:58,/products,/direct
99,session_110,click,2024-10-03 21:06:58,/checkout,/facebook
74,session_418,scroll,2024-10-04 13:41:58,/about,/facebook
87,session_28,click,2024-10-10 17:12:58,/products,/email_campaign
85,session_303,scroll,2024-10-06 06:30:58,/home,/facebook
80,session_338,click,2024-10-06 07:19:58,/about,/facebook
96,session_56,scroll,2024-10-09 20:10:58,/products,/facebook
71,session_122,click,2024-10-08 15:49:58,/checkout,/email_campaign
47,session_405,click,2024-10-04 18:04:58,/checkout,/facebook
11,session_458,scroll,2024-10-08 10:49:58,/checkout,/google
82,session_202,scroll,2024-10-05 16:29:58,/contact,/email_campaign
3,session_198,scroll,2024-10-04 21:07:58,/home,/email_campaign
24,session_409,purchase,2024-10-07 19:23:58,/about,/email_campaign
35,session_191,purchase,2024-10-09 10:22:58,/checkout,/google
58,session_65,purchase,2024-10-07 06:11:58,/home,/twitter
66,session_296,scroll,2024-10-04 11:28:58,/home,/direct
34,session_163,scroll,2024-10-08 16:35:58,/products/product123,/email_campaign
59,session_50,purchase,2024-10-05 22:56:58,/contact,/direct
67,session_39,click,2024-10-06 10:53:58,/products/product123,/google
10,session_194,click,2024-10-07 09:03:58,/products/product123,/twitter
6,session_24,scroll,2024-10-10 09:43:58,/contact,/google
63,session_322,scroll,2024-10-07 18:36:58,/products,/facebook
8,session_391,purchase,2024-10-06 11:14:58,/about,/email_campaign
72,session_126,scroll,2024-10-07 12:00:58,/products,/twitter
67,session_150,form_submit,2024-10-08 16:15:58,/checkout,/direct
48,session_102,purchase,2024-10-07 20:45:58,/about,/email_campaign
33,session_345,form_submit,2024-10-10 09:53:58,/about,/direct
70,session_457,purchase,2024-10-10 15:14:58,/about,/twitter
62,session_282,click,2024-10-07 08:14:58,/products/product123,/email_campaign
10,session_161,page_view,2024-10-07 04:59:58,/products/product123,/facebook
80,session_271,form_submit,2024-10-04 13:29:58,/contact,/email_campaign
51,session_169,click,2024-10-06 19:48:58,/products/product123,/google
24,session_320,scroll,2024-10-04 01:31:58,/products/product123,/facebook
30,session_46,click,2024-10-07 03:54:58,/about,/email_campaign
80,session_322,click,2024-10-09 01:47:58,/contact,/facebook
37,session_76,form_submit,2024-10-10 12:36:58,/products,/direct
82,session_176,click,2024-10-09 04:04:58,/products/product123,/twitter
24,session_336,page_view,2024-10-04 08:15:58,/contact,/google
54,session_147,form_submit,2024-10-08 21:48:58,/checkout,/twitter
12,session_79,scroll,2024-10-06 00:44:58,/home,/direct
14,session_222,form_submit,2024-10-06 04:26:58,/checkout,/direct
7,session_491,click,2024-10-04 03:37:58,/products,/email_campaign
36,session_382,purchase,2024-10-07 19:15:58,/contact,/google
20,session_227,scroll,2024-10-07 15:31:58,/products/product123,/email_campaign
37,session_338,scroll,2024-10-08 18:07:58,/home,/google
71,session_9,purchase,2024-10-07 18:45:58,/products/product123,/twitter
32,session_359,page_view,2024-10-06 00:04:58,/products,/google
96,session_357,click,2024-10-07 20:13:58,/about,/google
72,session_168,purchase,2024-10-07 05:06:58,/products/product123,/google
97,session_94,form_submit,2024-10-09 13:04:58,/products/product123,/twitter
43,session_236,click,2024-10-05 01:44:58,/about,/facebook
65,session_331,purchase,2024-10-10 07:56:58,/products/product123,/twitter
33,session_108,scroll,2024-10-09 18:02:58,/products/product123,/direct
52,session_392,form_submit,2024-10-09 01:29:58,/checkout,/email_campaign
83,session_197,form_submit,2024-10-06 16:08:58,/products/product123,/facebook
16,session_227,scroll,2024-10-05 04:16:58,/contact,/facebook
10,session_11,purchase,2024-10-07 20:36:58,/about,/facebook
17,session_1,scroll,2024-10-05 07:08:58,/checkout,/google
94,session_324,purchase,2024-10-09 08:53:58,/home,/twitter
15,session_116,purchase,2024-10-06 20:32:58,/checkout,/direct
56,session_324,form_submit,2024-10-10 06:50:58,/home,/twitter
30,session_409,form_submit,2024-10-04 15:16:58,/products/product123,/twitter
15,session_251,scroll,2024-10-05 19:06:58,/about,/google
87,session_441,page_view,2024-10-07 23:03:58,/home,/direct
54,session_270,page_view,2024-10-08 22:20:58,/contact,/facebook
21,session_4,form_submit,2024-10-05 14:48:58,/home,/direct
21,session_410,purchase,2024-10-09 22:31:58,/about,/google
100,session_362,scroll,2024-10-10 01:31:58,/about,/google
51,session_217,purchase,2024-10-06 14:12:58,/products,/twitter
98,session_133,scroll,2024-10-06 16:47:58,/products/product123,/twitter
21,session_293,click,2024-10-04 04:32:58,/products/product123,/twitter
64,session_214,form_submit,2024-10-06 00:45:58,/contact,/google
57,session_409,purchase,2024-10-04 02:00:58,/about,/facebook
23,session_306,page_view,2024-10-09 23:26:58,/products,/direct
24,session_435,form_submit,2024-10-08 06:20:58,/products,/email_campaign
36,session_316,form_submit,2024-10-06 19:17:58,/about,/email_campaign
23,session_225,form_submit,2024-10-04 21:57:58,/checkout,/facebook
55,session_432,click,2024-10-06 08:01:58,/products,/google
77,session_183,click,2024-10-08 19:14:58,/checkout,/twitter
13,session_76,click,2024-10-08 00:35:58,/about,/google
98,session_28,purchase,2024-10-06 03:38:58,/home,/twitter
76,session_348,page_view,2024-10-04 12:33:58,/home,/direct
54,session_249,scroll,2024-10-05 08:20:58,/checkout,/direct
37,session_25,click,2024-10-06 08:05:58,/products/product123,/google
58,session_431,scroll,2024-10-05 14:46:58,/about,/email_campaign
47,session_47,click,2024-10-06 12:44:58,/contact,/facebook
25,session_376,purchase,2024-10-05 06:09:58,/home,/direct
83,session_75,scroll,2024-10-06 12:07:58,/contact,/google
29,session_365,purchase,2024-10-03 23:35:58,/products/product123,/twitter
59,session_294,purchase,2024-10-07 23:23:58,/contact,/direct
12,session_487,form_submit,2024-10-05 21:11:58,/contact,/google
62,session_52,scroll,2024-10-04 06:35:58,/about,/twitter
48,session_498,scroll,2024-10-04 15:40:58,/home,/direct
10,session_155,purchase,2024-10-06 13:38:58,/contact,/google
87,session_317,purchase,2024-10-04 18:43:58,/products/product123,/email_campaign
85,session_421,form_submit,2024-10-04 13:12:58,/products/product123,/direct
83,session_297,purchase,2024-10-07 05:39:58,/about,/twitter
3,session_280,scroll,2024-10-04 16:05:58,/checkout,/facebook
61,session_275,purchase,2024-10-04 13:31:58,/home,/facebook
85,session_434,purchase,2024-10-07 05:49:58,/home,/twitter
8,session_333,form_submit,2024-10-05 10:25:58,/products,/google
29,session_314,click,2024-10-10 10:32:58,/checkout,/twitter
37,session_337,page_view,2024-10-08 01:01:58,/products,/facebook
20,session_448,purchase,2024-10-10 08:51:58,/products,/twitter
46,session_180,click,2024-10-08 05:07:58,/contact,/twitter
79,session_428,page_view,2024-10-05 14:50:58,/contact,/twitter
52,session_438,form_submit,2024-10-08 02:00:58,/contact,/facebook
43,session_208,page_view,2024-10-06 18:53:58,/home,/facebook
80,session_488,scroll,2024-10-07 12:11:58,/contact,/email_campaign
61,session_224,form_submit,2024-10-09 13:30:58,/home,/google
63,session_210,scroll,2024-10-06 15:18:58,/products/product123,/google
16,session_259,click,2024-10-08 08:08:58,/home,/direct
97,session_395,purchase,2024-10-07 02:03:58,/contact,/google
65,session_441,page_view,2024-10-04 14:57:58,/products,/direct
37,session_189,click,2024-10-04 00:49:58,/about,/email_campaign
72,session_398,form_submit,2024-10-07 21:17:58,/home,/google
27,session_470,page_view,2024-10-07 20:00:58,/about,/direct
56,session_327,form_submit,2024-10-07 14:18:58,/contact,/facebook
75,session_27,page_view,2024-10-09 15:49:58,/products/product123,/twitter
59,session_200,click,2024-10-04 04:48:58,/products/product123,/facebook
39,session_99,purchase,2024-10-10 07:12:58,/products,/google
90,session_212,form_submit,2024-10-07 11:23:58,/products/product123,/facebook
79,session_117,scroll,2024-10-08 23:07:58,/home,/facebook
6,session_111,purchase,2024-10-10 13:10:58,/contact,/facebook
82,session_463,page_view,2024-10-04 12:25:58,/home,/facebook
91,session_335,scroll,2024-10-10 10:40:58,/about,/twitter
82,session_273,click,2024-10-07 15:40:58,/home,/direct
73,session_294,scroll,2024-10-10 03:34:58,/products/product123,/twitter
21,session_410,scroll,2024-10-05 00:33:58,/products/product123,/google
41,session_151,form_submit,2024-10-09 14:34:58,/products/product123,/google
98,session_224,form_submit,2024-10-08 06:50:58,/about,/google
85,session_475,scroll,2024-10-08 05:00:58,/about,/facebook
59,session_98,scroll,2024-10-04 00:11:58,/home,/facebook
27,session_77,page_view,2024-10-04 06:58:58,/products/product123,/twitter
74,session_96,page_view,2024-10-08 06:59:58,/contact,/twitter
88,session_76,scroll,2024-10-06 13:09:58,/contact,/google
25,session_355,form_submit,2024-10-09 16:44:58,/products,/google
24,session_456,form_submit,2024-10-08 11:21:58,/checkout,/twitter
50,session_93,scroll,2024-10-04 03:34:58,/checkout,/twitter
70,session_342,scroll,2024-10-06 04:26:58,/checkout,/google
58,session_432,purchase,2024-10-05 13:45:58,/contact,/facebook
75,session_500,purchase,2024-10-07 14:13:58,/about,/email_campaign
31,session_398,form_submit,2024-10-04 14:24:58,/contact,/facebook
11,session_179,scroll,2024-10-09 11:53:58,/home,/twitter
80,session_317,purchase,2024-10-07 00:49:58,/home,/google
79,session_466,click,2024-10-06 23:17:58,/contact,/email_campaign
41,session_165,form_submit,2024-10-08 17:49:58,/about,/facebook
46,session_198,page_view,2024-10-10 03:42:58,/checkout,/direct
44,session_194,page_view,2024-10-10 02:34:58,/contact,/twitter
91,session_253,form_submit,2024-10-04 02:24:58,/products/product123,/twitter
19,session_322,scroll,2024-10-06 19:48:58,/about,/direct
99,session_294,scroll,2024-10-06 02:08:58,/products/product123,/email_campaign
65,session_389,page_view,2024-10-08 03:35:58,/products,/email_campaign
36,session_8,click,2024-10-09 21:07:58,/products/product123,/facebook
16,session_175,form_submit,2024-10-03 23:52:58,/products,/facebook
95,session_366,scroll,2024-10-10 17:59:58,/home,/email_campaign
78,session_271,form_submit,2024-10-06 10:39:58,/checkout,/twitter
97,session_486,purchase,2024-10-03 23:19:58,/products,/google
95,session_190,form_submit,2024-10-04 11:49:58,/checkout,/facebook
23,session_2,page_view,2024-10-10 02:22:58,/about,/email_campaign
82,session_470,page_view,2024-10-08 05:40:58,/checkout,/facebook
38,session_272,page_view,2024-10-06 07:42:58,/about,/twitter
73,session_338,scroll,2024-10-08 00:15:58,/products,/direct
30,session_34,click,2024-10-10 03:38:58,/checkout,/email_campaign
88,session_378,scroll,2024-10-05 02:06:58,/checkout,/twitter
25,session_48,form_submit,2024-10-08 03:55:58,/contact,/email_campaign
92,session_58,scroll,2024-10-05 04:44:58,/about,/google
59,session_381,scroll,2024-10-10 13:16:58,/products,/facebook
26,session_69,purchase,2024-10-07 03:23:58,/contact,/email_campaign
63,session_344,page_view,2024-10-08 03:08:58,/checkout,/email_campaign
13,session_348,click,2024-10-04 19:47:58,/products,/facebook
46,session_208,scroll,2024-10-09 00:02:58,/products/product123,/twitter
27,session_114,page_view,2024-10-07 12:49:58,/contact,/direct
5,session_142,form_submit,2024-10-10 17:43:58,/home,/twitter
40,session_5,scroll,2024-10-09 13:15:58,/contact,/email_campaign
5,session_401,form_submit,2024-10-08 17:03:58,/products,/email_campaign
26,session_232,purchase,2024-10-08 16:54:58,/checkout,/facebook
44,session_306,purchase,2024-10-04 19:09:58,/products,/google
23,session_458,scroll,2024-10-08 03:15:58,/products/product123,/google
66,session_6,purchase,2024-10-05 13:52:58,/contact,/twitter
7,session_28,click,2024-10-07 18:35:58,/checkout,/email_campaign
1,session_163,page_view,2024-10-09 02:51:58,/products/product123,/email_campaign
61,session_380,click,2024-10-07 11:02:58,/home,/twitter
56,session_309,page_view,2024-10-05 04:46:58,/checkout,/facebook
94,session_476,page_view,2024-10-04 03:13:58,/about,/email_campaign
90,session_475,purchase,2024-10-05 09:40:58,/products/product123,/email_campaign
98,session_75,scroll,2024-10-05 09:50:58,/about,/direct
43,session_66,purchase,2024-10-09 15:54:58,/home,/facebook
35,session_297,click,2024-10-07 18:16:58,/checkout,/direct
76,session_20,purchase,2024-10-06 05:18:58,/contact,/email_campaign
37,session_227,page_view,2024-10-04 05:54:58,/products/product123,/facebook
99,session_151,purchase,2024-10-07 22:33:58,/checkout,/direct
81,session_233,form_submit,2024-10-08 17:41:58,/about,/email_campaign
88,session_222,page_view,2024-10-03 20:19:58,/contact,/direct
1,session_302,scroll,2024-10-07 17:04:58,/checkout,/email_campaign
63,session_358,page_view,2024-10-08 21:10:58,/products,/email_campaign
25,session_209,scroll,2024-10-08 11:19:58,/products,/facebook
65,session_98,scroll,2024-10-03 19:36:58,/products/product123,/twitter
45,session_396,purchase,2024-10-06 16:52:58,/contact,/direct
60,session_455,form_submit,2024-10-10 10:10:58,/about,/google
26,session_173,form_submit,2024-10-05 17:37:58,/about,/google
94,session_27,scroll,2024-10-09 00:17:58,/products,/twitter
100,session_27,click,2024-10-05 00:12:58,/products/product123,/direct
12,session_486,scroll,2024-10-05 22:30:58,/products,/direct
68,session_85,page_view,2024-10-04 05:57:58,/about,/facebook
66,session_484,scroll,2024-10-04 10:03:58,/about,/direct
43,session_367,purchase,2024-10-09 19:26:58,/products/product123,/direct
93,session_136,page_view,2024-10-08 16:13:58,/products,/twitter
52,session_460,page_view,2024-10-06 18:51:58,/products/product123,/facebook
53,session_141,page_view,2024-10-05 05:15:58,/contact,/direct
11,session_355,purchase,2024-10-04 12:44:58,/home,/google
11,session_291,click,2024-10-05 20:05:58,/contact,/twitter
36,session_97,scroll,2024-10-05 22:14:58,/products/product123,/email_campaign
48,session_429,page_view,2024-10-10 08:31:58,/checkout,/facebook
46,session_432,page_view,2024-10-05 00:52:58,/contact,/google
8,session_438,page_view,2024-10-05 14:06:58,/products,/facebook
1,session_184,page_view,2024-10-10 00:17:58,/products,/email_campaign
30,session_282,purchase,2024-10-05 10:27:58,/products/product123,/google
65,session_139,click,2024-10-09 15:21:58,/products/product123,/twitter
99,session_389,form_submit,2024-10-08 03:57:58,/contact,/direct
1,session_467,click,2024-10-09 15:29:58,/products,/facebook
2,session_404,purchase,2024-10-08 04:43:58,/about,/twitter
73,session_399,page_view,2024-10-07 14:06:58,/about,/email_campaign
18,session_183,click,2024-10-05 17:30:58,/contact,/facebook
95,session_240,purchase,2024-10-09 01:28:58,/contact,/twitter
25,session_330,form_submit,2024-10-10 10:18:58,/about,/direct
80,session_42,page_view,2024-10-05 04:17:58,/home,/email_campaign
24,session_467,scroll,2024-10-10 15:29:58,/about,/direct
15,session_436,form_submit,2024-10-10 09:03:58,/home,/direct
25,session_360,click,2024-10-10 05:48:58,/products,/twitter
99,session_71,scroll,2024-10-05 02:08:58,/products/product123,/email_campaign
87,session_463,page_view,2024-10-08 04:15:58,/products/product123,/direct
87,session_481,click,2024-10-03 20:41:58,/contact,/google
79,session_114,purchase,2024-10-06 12:06:58,/home,/email_campaign
34,session_153,page_view,2024-10-07 19:01:58,/about,/facebook
28,session_262,purchase,2024-10-06 22:40:58,/about,/email_campaign
67,session_157,page_view,2024-10-06 03:55:58,/checkout,/email_campaign
58,session_377,purchase,2024-10-04 16:03:58,/home,/facebook
90,session_88,page_view,2024-10-07 14:49:58,/about,/twitter
22,session_431,page_view,2024-10-10 15:15:58,/products,/google
54,session_172,form_submit,2024-10-06 19:57:58,/checkout,/facebook
4,session_49,click,2024-10-09 23:46:58,/home,/google
54,session_226,scroll,2024-10-07 03:03:58,/checkout,/google
67,session_157,page_view,2024-10-08 10:13:58,/products/product123,/facebook
51,session_435,form_submit,2024-10-06 00:54:58,/home,/twitter
60,session_317,form_submit,2024-10-09 15:22:58,/products/product123,/facebook
48,session_25,scroll,2024-10-08 23:51:58,/products,/email_campaign
16,session_272,scroll,2024-10-04 03:27:58,/contact,/twitter
21,session_171,click,2024-10-06 02:50:58,/products,/facebook
86,session_342,purchase,2024-10-09 16:39:58,/checkout,/twitter
100,session_162,form_submit,2024-10-10 03:22:58,/products/product123,/google
98,session_162,scroll,2024-10-06 00:10:58,/checkout,/twitter
85,session_213,click,2024-10-05 04:06:58,/products,/email_campaign
38,session_127,click,2024-10-04 14:57:58,/home,/direct
33,session_267,form_submit,2024-10-10 06:05:58,/contact,/google
77,session_153,page_view,2024-10-10 15:20:58,/products/product123,/google
64,session_454,purchase,2024-10-08 18:20:58,/checkout,/direct
75,session_263,page_view,2024-10-10 00:02:58,/about,/direct
40,session_243,page_view,2024-10-06 17:59:58,/contact,/email_campaign
91,session_71,click,2024-10-05 16:31:58,/checkout,/email_campaign
42,session_437,scroll,2024-10-08 23:47:58,/home,/facebook
24,session_473,page_view,2024-10-08 10:35:58,/products/product123,/twitter
18,session_345,scroll,2024-10-08 07:18:58,/about,/email_campaign
34,session_238,purchase,2024-10-10 00:00:58,/about,/direct
84,session_55,page_view,2024-10-07 15:19:58,/contact,/twitter
28,session_191,scroll,2024-10-09 17:23:58,/contact,/google
41,session_3,purchase,2024-10-10 03:14:58,/home,/email_campaign
84,session_299,scroll,2024-10-06 20:14:58,/about,/google
74,session_436,click,2024-10-08 17:27:58,/about,/email_campaign
76,session_234,form_submit,2024-10-05 13:18:58,/checkout,/google
48,session_106,page_view,2024-10-06 12:43:58,/products/product123,/direct
80,session_378,scroll,2024-10-08 04:54:58,/about,/twitter
14,session_493,purchase,2024-10-05 11:49:58,/checkout,/google
72,session_157,scroll,2024-10-09 13:01:58,/home,/facebook
39,session_326,click,2024-10-06 12:27:58,/contact,/direct
12,session_111,form_submit,2024-10-06 15:00:58,/home,/facebook
51,session_408,page_view,2024-10-09 23:28:58,/home,/email_campaign
85,session_169,purchase,2024-10-07 16:21:58,/home,/google
74,session_139,purchase,2024-10-08 17:07:58,/contact,/google
25,session_474,click,2024-10-04 19:36:58,/products/product123,/facebook
87,session_255,page_view,2024-10-04 21:30:58,/home,/direct
21,session_243,form_submit,2024-10-09 09:21:58,/products/product123,/google
44,session_185,click,2024-10-04 09:05:58,/products,/twitter
65,session_110,click,2024-10-09 03:16:58,/products/product123,/google
79,session_133,scroll,2024-10-03 23:08:58,/products/product123,/email_campaign
30,session_108,scroll,2024-10-07 02:41:58,/products,/email_campaign
8,session_81,scroll,2024-10-04 16:46:58,/about,/direct
70,session_2,scroll,2024-10-08 09:18:58,/home,/direct
51,session_161,scroll,2024-10-04 23:49:58,/products/product123,/google
1,session_479,page_view,2024-10-09 19:26:58,/checkout,/twitter
66,session_2,click,2024-10-03 21:04:58,/products/product123,/facebook
11,session_287,form_submit,2024-10-08 06:02:58,/products,/direct
33,session_255,scroll,2024-10-06 13:48:58,/home,/twitter
52,session_288,click,2024-10-07 12:05:58,/contact,/twitter
70,session_169,form_submit,2024-10-08 15:15:58,/contact,/google
67,session_101,scroll,2024-10-08 17:16:58,/products/product123,/facebook
72,session_52,form_submit,2024-10-10 12:04:58,/checkout,/facebook
82,session_228,form_submit,2024-10-07 22:47:58,/about,/google
78,session_296,page_view,2024-10-09 17:06:58,/checkout,/direct
72,session_434,purchase,2024-10-07 04:57:58,/products/product123,/email_campaign
7,session_120,form_submit,2024-10-08 14:26:58,/home,/google
64,session_244,scroll,2024-10-07 11:52:58,/products/product123,/twitter
100,session_73,form_submit,2024-10-05 10:52:58,/about,/email_campaign
84,session_101,form_submit,2024-10-05 19:22:58,/products,/email_campaign
70,session_268,form_submit,2024-10-05 01:19:58,/checkout,/direct
86,session_403,scroll,2024-10-08 06:23:58,/products,/direct
33,session_213,purchase,2024-10-08 11:02:58,/contact,/direct
71,session_394,purchase,2024-10-06 07:35:58,/checkout,/direct
8,session_172,scroll,2024-10-04 02:05:58,/products/product123,/direct
3,session_378,click,2024-10-06 13:49:58,/checkout,/facebook
4,session_210,purchase,2024-10-04 09:18:58,/contact,/direct
24,session_124,click,2024-10-07 03:13:58,/products,/email_campaign
85,session_246,click,2024-10-04 17:11:58,/home,/google
58,session_7,page_view,2024-10-09 15:40:58,/contact,/facebook
79,session_17,purchase,2024-10-07 18:50:58,/home,/email_campaign
33,session_33,page_view,2024-10-09 14:48:58,/about,/direct
13,session_363,click,2024-10-09 00:20:58,/about,/direct
20,session_12,click,2024-10-06 12:51:58,/checkout,/google
96,session_267,purchase,2024-10-09 18:12:58,/contact,/email_campaign
9,session_248,purchase,2024-10-05 14:57:58,/contact,/facebook
49,session_174,click,2024-10-05 18:47:58,/contact,/direct
50,session_78,purchase,2024-10-06 01:59:58,/checkout,/direct
29,session_5,scroll,2024-10-06 14:17:58,/checkout,/twitter
70,session_136,purchase,2024-10-04 09:59:58,/products,/facebook
38,session_252,form_submit,2024-10-09 07:49:58,/home,/twitter
52,session_289,form_submit,2024-10-07 19:10:58,/products,/google
62,session_115,page_view,2024-10-09 17:11:58,/checkout,/direct
49,session_310,scroll,2024-10-06 06:56:58,/checkout,/direct
25,session_237,page_view,2024-10-05 15:46:58,/products,/direct
38,session_52,click,2024-10-08 18:33:58,/home,/direct
18,session_309,click,2024-10-09 06:53:58,/about,/facebook
71,session_213,form_submit,2024-10-04 20:16:58,/products,/direct
15,session_131,purchase,2024-10-07 19:30:58,/contact,/direct
94,session_11,form_submit,2024-10-05 03:16:58,/about,/facebook
52,session_415,purchase,2024-10-07 09:20:58,/about,/direct
31,session_80,page_view,2024-10-10 10:25:58,/products,/facebook
32,session_201,purchase,2024-10-05 11:24:58,/products,/facebook
30,session_362,page_view,2024-10-07 10:06:58,/about,/twitter
86,session_174,purchase,2024-10-09 21:53:58,/about,/direct
48,session_324,form_submit,2024-10-04 14:42:58,/products,/email_campaign
91,session_463,scroll,2024-10-05 08:17:58,/about,/google
63,session_244,click,2024-10-09 09:27:58,/checkout,/twitter
78,session_367,click,2024-10-05 15:37:58,/home,/direct
59,session_382,scroll,2024-10-04 13:04:58,/products,/google
31,session_189,click,2024-10-04 14:01:58,/checkout,/direct
96,session_230,purchase,2024-10-09 20:06:58,/about,/email_campaign
11,session_102,scroll,2024-10-10 07:35:58,/products,/facebook
65,session_488,scroll,2024-10-05 13:26:58,/home,/twitter
35,session_134,scroll,2024-10-04 09:33:58,/about,/google
42,session_305,page_view,2024-10-06 05:21:58,/home,/direct
24,session_264,purchase,2024-10-10 17:44:58,/products/product123,/twitter
34,session_268,form_submit,2024-10-07 18:41:58,/home,/google
69,session_90,click,2024-10-04 14:00:58,/home,/facebook
60,session_485,scroll,2024-10-03 21:16:58,/products,/twitter
35,session_482,click,2024-10-05 14:05:58,/products/product123,/facebook
30,session_330,purchase,2024-10-07 01:31:58,/contact,/twitter
44,session_300,form_submit,2024-10-09 16:15:58,/products,/direct
72,session_443,purchase,2024-10-03 21:19:58,/products/product123,/facebook
22,session_313,scroll,2024-10-09 03:55:58,/products/product123,/twitter
31,session_487,click,2024-10-06 19:42:58,/about,/direct
94,session_5,purchase,2024-10-03 22:43:58,/about,/facebook
38,session_402,purchase,2024-10-06 15:00:58,/products/product123,/twitter
85,session_297,purchase,2024-10-08 00:01:58,/products,/email_campaign
19,session_174,form_submit,2024-10-06 03:45:58,/checkout,/google
9,session_115,page_view,2024-10-05 23:26:58,/about,/google
2,session_426,purchase,2024-10-08 05:30:58,/products,/email_campaign
92,session_244,purchase,2024-10-09 09:17:58,/products/product123,/twitter
70,session_162,purchase,2024-10-04 11:36:58,/contact,/facebook
82,session_210,page_view,2024-10-10 09:16:58,/products/product123,/facebook
76,session_393,click,2024-10-10 02:08:58,/products,/google
20,session_355,scroll,2024-10-05 03:03:58,/checkout,/google
35,session_289,form_submit,2024-10-05 09:49:58,/contact,/twitter
16,session_437,form_submit,2024-10-08 09:59:58,/home,/google
38,session_60,click,2024-10-07 10:54:58,/contact,/twitter
8,session_218,click,2024-10-04 07:00:58,/contact,/facebook
64,session_394,form_submit,2024-10-04 02:46:58,/products,/google
39,session_16,purchase,2024-10-09 00:20:58,/contact,/facebook
65,session_266,form_submit,2024-10-09 12:12:58,/checkout,/direct
83,session_365,click,2024-10-10 16:31:58,/home,/google
88,session_280,page_view,2024-10-05 11:02:58,/products/product123,/facebook
46,session_468,scroll,2024-10-09 15:36:58,/contact,/facebook
8,session_34,click,2024-10-09 11:52:58,/products/product123,/google
73,session_27,form_submit,2024-10-07 14:44:58,/contact,/facebook
76,session_135,click,2024-10-09 04:38:58,/products,/google
76,session_294,page_view,2024-10-09 19:07:58,/contact,/twitter
7,session_315,page_view,2024-10-05 20:31:58,/products,/direct
14,session_171,page_view,2024-10-04 07:54:58,/products,/facebook
70,session_377,purchase,2024-10-09 18:32:58,/products/product123,/direct
52,session_427,form_submit,2024-10-08 18:34:58,/contact,/twitter
28,session_135,click,2024-10-04 07:45:58,/checkout,/direct
46,session_225,click,2024-10-05 22:00:58,/contact,/google
25,session_423,click,2024-10-05 23:05:58,/home,/twitter
71,session_356,click,2024-10-04 17:19:58,/products,/facebook
41,session_26,scroll,2024-10-04 12:14:58,/contact,/email_campaign
68,session_413,click,2024-10-04 06:06:58,/about,/direct
19,session_99,click,2024-10-08 02:10:58,/checkout,/twitter
6,session_487,page_view,2024-10-07 16:14:58,/products,/twitter
48,session_492,page_view,2024-10-04 18:02:58,/about,/twitter
84,session_257,purchase,2024-10-07 21:20:58,/products,/email_campaign
44,session_88,click,2024-10-10 09:55:58,/checkout,/email_campaign
15,session_179,purchase,2024-10-10 04:25:58,/contact,/twitter
79,session_174,click,2024-10-10 13:48:58,/home,/twitter
91,session_219,scroll,2024-10-07 03:26:58,/contact,/facebook
55,session_61,click,2024-10-06 17:56:58,/checkout,/email_campaign
79,session_447,form_submit,2024-10-07 08:07:58,/checkout,/twitter
41,session_197,page_view,2024-10-10 00:27:58,/products/product123,/twitter
29,session_207,form_submit,2024-10-09 12:19:58,/products,/direct
29,session_215,page_view,2024-10-07 13:25:58,/contact,/twitter
26,session_222,scroll,2024-10-04 06:11:58,/home,/facebook
51,session_355,purchase,2024-10-06 03:17:58,/home,/google
54,session_339,form_submit,2024-10-08 07:01:58,/home,/twitter
57,session_294,click,2024-10-05 00:08:58,/home,/email_campaign
39,session_465,form_submit,2024-10-08 04:38:58,/checkout,/twitter
11,session_143,purchase,2024-10-04 19:43:58,/checkout,/facebook
82,session_230,form_submit,2024-10-09 08:41:58,/checkout,/facebook
19,session_411,page_view,2024-10-06 16:50:58,/contact,/facebook
75,session_226,purchase,2024-10-09 06:51:58,/products,/twitter
2,session_282,click,2024-10-07 03:50:58,/about,/google
8,session_250,page_view,2024-10-10 14:53:58,/products,/email_campaign
69,session_442,purchase,2024-10-07 19:29:58,/contact,/twitter
2,session_67,page_view,2024-10-08 11:59:58,/products/product123,/facebook
13,session_326,page_view,2024-10-04 14:59:58,/products,/facebook
15,session_443,purchase,2024-10-10 06:14:58,/home,/twitter
74,session_38,form_submit,2024-10-04 03:43:58,/contact,/facebook
72,session_20,purchase,2024-10-07 01:34:58,/checkout,/twitter
47,session_10,page_view,2024-10-04 18:26:58,/products/product123,/direct
46,session_332,purchase,2024-10-07 14:03:58,/home,/google
81,session_156,page_view,2024-10-07 18:25:58,/home,/google
43,session_339,purchase,2024-10-08 21:55:58,/home,/email_campaign
1,session_78,click,2024-10-08 13:32:58,/contact,/google
34,session_304,purchase,2024-10-05 00:28:58,/products,/google
53,session_363,click,2024-10-08 15:12:58,/contact,/direct
63,session_68,scroll,2024-10-09 11:56:58,/about,/facebook
14,session_373,page_view,2024-10-04 17:19:58,/home,/twitter
65,session_119,scroll,2024-10-05 19:17:58,/contact,/facebook
39,session_498,page_view,2024-10-04 13:29:58,/products/product123,/facebook
35,session_294,form_submit,2024-10-05 07:11:58,/products/product123,/google
67,session_305,page_view,2024-10-05 08:47:58,/contact,/email_campaign
27,session_257,click,2024-10-04 15:43:58,/contact,/direct
94,session_175,form_submit,2024-10-06 17:18:58,/checkout,/direct
99,session_2,scroll,2024-10-04 16:12:58,/about,/direct
31,session_302,click,2024-10-08 17:31:58,/home,/direct
78,session_279,click,2024-10-07 07:33:58,/checkout,/twitter
74,session_445,form_submit,2024-10-04 20:51:58,/products/product123,/google
17,session_322,scroll,2024-10-04 06:12:58,/products,/facebook
12,session_451,scroll,2024-10-07 12:03:58,/home,/google
46,session_412,form_submit,2024-10-04 02:40:58,/checkout,/direct
45,session_40,click,2024-10-04 02:06:58,/about,/facebook
92,session_263,purchase,2024-10-06 17:14:58,/contact,/facebook
65,session_277,purchase,2024-10-03 22:18:58,/products,/direct
48,session_226,purchase,2024-10-04 10:27:58,/products/product123,/email_campaign
69,session_34,form_submit,2024-10-05 13:35:58,/checkout,/twitter
31,session_475,click,2024-10-09 23:09:58,/about,/email_campaign
33,session_131,click,2024-10-06 20:19:58,/about,/google
31,session_374,click,2024-10-06 04:28:58,/about,/twitter
51,session_434,click,2024-10-09 02:29:58,/about,/facebook
95,session_164,click,2024-10-09 14:02:58,/contact,/facebook
94,session_455,scroll,2024-10-07 06:03:58,/products,/facebook
49,session_93,purchase,2024-10-05 20:05:58,/home,/facebook
22,session_234,purchase,2024-10-06 03:03:58,/checkout,/direct
100,session_353,purchase,2024-10-09 16:02:58,/checkout,/google
92,session_377,scroll,2024-10-04 19:46:58,/home,/facebook
88,session_108,purchase,2024-10-09 18:43:58,/products/product123,/email_campaign
44,session_41,click,2024-10-05 19:41:58,/contact,/direct
100,session_360,purchase,2024-10-05 10:48:58,/products/product123,/google
88,session_468,click,2024-10-09 03:58:58,/products,/direct
37,session_355,page_view,2024-10-10 02:19:58,/contact,/email_campaign
86,session_255,scroll,2024-10-07 01:58:58,/products,/email_campaign
14,session_247,scroll,2024-10-08 04:13:58,/products/product123,/facebook
8,session_146,form_submit,2024-10-06 00:15:58,/home,/direct
28,session_7,page_view,2024-10-10 02:58:58,/checkout,/google
79,session_338,scroll,2024-10-05 15:34:58,/home,/direct
44,session_400,click,2024-10-08 16:16:58,/products/product123,/direct
3,session_445,click,2024-10-04 01:54:58,/products/product123,/twitter
70,session_339,page_view,2024-10-06 10:35:58,/about,/email_campaign
64,session_278,page_view,2024-10-04 04:06:58,/contact,/twitter
12,session_319,page_view,2024-10-06 07:30:58,/contact,/google
45,session_154,page_view,2024-10-06 01:50:58,/products/product123,/facebook
41,session_198,click,2024-10-09 00:12:58,/products/product123,/twitter
89,session_162,form_submit,2024-10-06 17:20:58,/about,/direct
49,session_274,scroll,2024-10-08 17:22:58,/checkout,/facebook
59,session_31,page_view,2024-10-09 21:01:58,/about,/direct
52,session_440,click,2024-10-06 06:15:58,/about,/facebook
22,session_454,purchase,2024-10-07 20:51:58,/contact,/facebook
80,session_185,form_submit,2024-10-07 03:38:58,/about,/email_campaign
49,session_180,scroll,2024-10-09 18:22:58,/contact,/direct
37,session_5,page_view,2024-10-06 07:38:58,/products/product123,/facebook
52,session_153,click,2024-10-07 11:07:58,/products/product123,/email_campaign
24,session_20,purchase,2024-10-03 21:26:58,/contact,/direct
12,session_96,page_view,2024-10-05 08:40:58,/products/product123,/twitter
11,session_122,purchase,2024-10-06 19:52:58,/contact,/google
23,session_444,scroll,2024-10-05 15:57:58,/products/product123,/direct
53,session_310,page_view,2024-10-04 08:22:58,/about,/direct
10,session_341,form_submit,2024-10-09 07:04:58,/home,/facebook
55,session_383,page_view,2024-10-10 03:56:58,/products,/facebook
57,session_473,click,2024-10-07 01:03:58,/checkout,/facebook
54,session_118,scroll,2024-10-09 22:35:58,/contact,/email_campaign
59,session_303,purchase,2024-10-05 05:12:58,/home,/email_campaign
24,session_35,scroll,2024-10-08 10:17:58,/checkout,/facebook
34,session_337,click,2024-10-04 06:51:58,/checkout,/google
24,session_438,purchase,2024-10-10 09:49:58,/checkout,/facebook
96,session_431,purchase,2024-10-08 18:31:58,/about,/direct
71,session_48,click,2024-10-04 03:43:58,/contact,/twitter
17,session_250,scroll,2024-10-06 19:01:58,/home,/twitter
80,session_36,page_view,2024-10-07 07:39:58,/contact,/email_campaign
11,session_349,form_submit,2024-10-10 14:53:58,/home,/direct
21,session_409,click,2024-10-07 07:03:58,/products/product123,/google
64,session_104,page_view,2024-10-04 18:47:58,/products/product123,/email_campaign
65,session_471,page_view,2024-10-03 22:07:58,/about,/email_campaign
71,session_389,page_view,2024-10-09 11:06:58,/products,/direct
9,session_490,purchase,2024-10-09 19:35:58,/home,/facebook
19,session_141,form_submit,2024-10-05 02:44:58,/home,/google
20,session_339,click,2024-10-08 16:19:58,/contact,/twitter
63,session_57,click,2024-10-10 15:48:58,/contact,/facebook
52,session_360,scroll,2024-10-10 13:32:58,/contact,/facebook
87,session_369,scroll,2024-10-05 06:38:58,/home,/direct
98,session_454,form_submit,2024-10-04 00:40:58,/products/product123,/facebook
10,session_168,click,2024-10-09 11:30:58,/checkout,/facebook
17,session_49,form_submit,2024-10-06 06:50:58,/products,/direct
56,session_346,page_view,2024-10-10 06:41:58,/checkout,/facebook
19,session_355,page_view,2024-10-09 20:40:58,/about,/google
28,session_223,purchase,2024-10-07 01:33:58,/products/product123,/facebook
43,session_191,scroll,2024-10-07 21:37:58,/contact,/twitter
4,session_211,click,2024-10-05 17:16:58,/home,/facebook
38,session_441,scroll,2024-10-04 02:41:58,/home,/direct
30,session_341,scroll,2024-10-04 08:00:58,/about,/twitter
1,session_41,page_view,2024-10-06 16:51:58,/about,/twitter
87,session_459,form_submit,2024-10-04 16:55:58,/products,/twitter
55,session_390,scroll,2024-10-04 16:05:58,/products,/direct
61,session_199,page_view,2024-10-06 07:54:58,/about,/google
13,session_218,page_view,2024-10-08 00:47:58,/home,/facebook
50,session_223,page_view,2024-10-08 02:09:58,/products/product123,/direct
69,session_312,click,2024-10-05 01:35:58,/products/product123,/google
7,session_234,purchase,2024-10-10 07:05:58,/products/product123,/direct
9,session_295,purchase,2024-10-10 09:34:58,/contact,/facebook
31,session_267,form_submit,2024-10-08 19:56:58,/checkout,/google
61,session_362,purchase,2024-10-10 15:39:58,/products/product123,/google
100,session_100,purchase,2024-10-09 09:01:58,/contact,/google
88,session_439,page_view,2024-10-10 16:56:58,/home,/facebook
12,session_168,scroll,2024-10-08 07:40:58,/products,/direct
44,session_476,page_view,2024-10-07 13:54:58,/products/product123,/email_campaign
15,session_176,form_submit,2024-10-10 04:21:58,/products,/facebook
74,session_343,click,2024-10-03 21:45:58,/about,/twitter
75,session_255,page_view,2024-10-05 11:13:58,/contact,/direct
30,session_331,purchase,2024-10-06 07:51:58,/contact,/email_campaign
70,session_427,scroll,2024-10-06 07:08:58,/products/product123,/direct
81,session_352,click,2024-10-07 11:21:58,/products/product123,/direct
69,session_151,click,2024-10-06 15:37:58,/home,/direct
67,session_485,page_view,2024-10-05 18:14:58,/about,/direct
28,session_358,page_view,2024-10-04 18:19:58,/contact,/google
11,session_375,click,2024-10-04 17:02:58,/products,/email_campaign
72,session_249,purchase,2024-10-09 19:49:58,/home,/google
90,session_13,click,2024-10-04 23:32:58,/products/product123,/twitter
35,session_180,page_view,2024-10-07 03:59:58,/checkout,/direct
44,session_2,purchase,2024-10-10 04:55:58,/contact,/direct
34,session_13,form_submit,2024-10-09 08:56:58,/products,/google
46,session_82,page_view,2024-10-06 17:06:58,/products/product123,/direct
11,session_270,purchase,2024-10-09 11:44:58,/about,/email_campaign
60,session_129,form_submit,2024-10-07 04:23:58,/products/product123,/email_campaign
23,session_12,click,2024-10-07 07:23:58,/products,/google
70,session_425,purchase,2024-10-09 23:39:58,/checkout,/google
90,session_340,scroll,2024-10-06 22:00:58,/about,/direct
30,session_408,form_submit,2024-10-05 11:37:58,/home,/email_campaign
35,session_33,scroll,2024-10-06 18:41:58,/products,/twitter
7,session_468,page_view,2024-10-06 02:15:58,/about,/direct
87,session_305,click,2024-10-06 05:35:58,/products,/direct
64,session_122,scroll,2024-10-08 09:22:58,/about,/google
62,session_47,scroll,2024-10-05 22:38:58,/checkout,/direct
43,session_432,page_view,2024-10-05 06:50:58,/products/product123,/twitter
51,session_183,purchase,2024-10-10 04:45:58,/about,/email_campaign
26,session_191,scroll,2024-10-06 20:26:58,/products/product123,/twitter
26,session_21,click,2024-10-06 12:47:58,/about,/email_campaign
81,session_344,click,2024-10-05 03:17:58,/about,/direct
24,session_305,scroll,2024-10-06 17:28:58,/about,/twitter
2,session_329,click,2024-10-10 01:05:58,/products/product123,/direct
36,session_236,scroll,2024-10-07 03:19:58,/home,/google
50,session_400,form_submit,2024-10-07 04:44:58,/products,/email_campaign
5,session_24,form_submit,2024-10-06 03:39:58,/about,/twitter
22,session_35,page_view,2024-10-08 08:28:58,/about,/google
13,session_177,form_submit,2024-10-04 07:39:58,/contact,/email_campaign
99,session_259,page_view,2024-10-06 09:16:58,/products,/email_campaign
74,session_499,page_view,2024-10-08 04:36:58,/checkout,/google
9,session_359,form_submit,2024-10-05 04:56:58,/contact,/direct
97,session_493,form_submit,2024-10-08 19:04:58,/checkout,/direct
17,session_6,click,2024-10-05 07:54:58,/products,/facebook
6,session_48,purchase,2024-10-10 08:11:58,/contact,/facebook
35,session_254,page_view,2024-10-05 00:22:58,/about,/facebook
75,session_223,purchase,2024-10-06 16:03:58,/contact,/facebook
99,session_250,click,2024-10-08 18:56:58,/home,/email_campaign
27,session_358,page_view,2024-10-04 18:05:58,/home,/facebook
68,session_457,page_view,2024-10-05 03:07:58,/contact,/facebook
80,session_174,purchase,2024-10-10 07:15:58,/about,/direct
11,session_499,scroll,2024-10-04 01:47:58,/products,/twitter
99,session_494,form_submit,2024-10-03 22:38:58,/checkout,/direct
60,session_406,form_submit,2024-10-09 11:48:58,/checkout,/twitter
78,session_143,click,2024-10-10 04:51:58,/products,/direct
9,session_49,form_submit,2024-10-05 09:36:58,/contact,/direct
8,session_255,form_submit,2024-10-09 10:40:58,/checkout,/email_campaign
52,session_277,scroll,2024-10-04 05:49:58,/contact,/twitter
88,session_249,scroll,2024-10-04 22:37:58,/checkout,/google
4,session_31,purchase,2024-10-06 22:21:58,/home,/direct
85,session_238,click,2024-10-09 16:19:58,/products,/facebook
25,session_121,page_view,2024-10-06 07:30:58,/products/product123,/direct
16,session_323,page_view,2024-10-08 07:51:58,/products,/facebook
66,session_146,purchase,2024-10-06 06:09:58,/home,/twitter
68,session_366,page_view,2024-10-06 15:10:58,/home,/google
63,session_200,click,2024-10-09 15:09:58,/checkout,/google
23,session_390,click,2024-10-04 19:11:58,/contact,/google
88,session_176,page_view,2024-10-06 14:00:58,/products/product123,/email_campaign
4,session_141,form_submit,2024-10-04 20:03:58,/home,/twitter
60,session_494,scroll,2024-10-08 17:22:58,/about,/google
18,session_240,form_submit,2024-10-05 10:42:58,/checkout,/facebook
71,session_375,page_view,2024-10-09 23:54:58,/products/product123,/direct
85,session_309,click,2024-10-07 08:57:58,/products,/facebook
51,session_282,form_submit,2024-10-09 11:08:58,/contact,/facebook
22,session_345,purchase,2024-10-08 13:16:58,/contact,/twitter
9,session_361,click,2024-10-09 23:34:58,/products,/google
94,session_351,purchase,2024-10-05 02:04:58,/contact,/facebook
14,session_68,page_view,2024-10-08 05:04:58,/about,/twitter
40,session_398,click,2024-10-04 02:23:58,/products,/direct
56,session_114,click,2024-10-03 22:02:58,/contact,/direct
6,session_91,form_submit,2024-10-08 12:52:58,/checkout,/email_campaign
70,session_390,purchase,2024-10-04 15:13:58,/products/product123,/direct
77,session_440,page_view,2024-10-04 10:06:58,/products,/facebook
1,session_44,purchase,2024-10-07 16:57:58,/products/product123,/google
99,session_101,form_submit,2024-10-04 03:47:58,/home,/direct
84,session_82,click,2024-10-09 11:48:58,/home,/facebook
89,session_70,page_view,2024-10-09 23:53:58,/products,/email_campaign
49,session_16,form_submit,2024-10-09 13:45:58,/products/product123,/direct
30,session_305,purchase,2024-10-07 21:36:58,/contact,/google
43,session_417,form_submit,2024-10-07 04:35:58,/about,/facebook
46,session_213,scroll,2024-10-05 11:45:58,/home,/direct
18,session_74,scroll,2024-10-05 00:30:58,/products/product123,/direct
21,session_280,form_submit,2024-10-04 09:42:58,/home,/facebook
10,session_166,scroll,2024-10-07 06:54:58,/about,/google
88,session_337,purchase,2024-10-04 04:28:58,/home,/email_campaign
39,session_48,page_view,2024-10-09 00:52:58,/contact,/email_campaign
86,session_5,form_submit,2024-10-08 21:15:58,/products/product123,/email_campaign
96,session_264,scroll,2024-10-05 17:55:58,/products/product123,/facebook
3,session_284,page_view,2024-10-07 20:44:58,/checkout,/email_campaign
50,session_371,scroll,2024-10-07 22:36:58,/about,/facebook
12,session_310,scroll,2024-10-05 03:06:58,/contact,/google
54,session_138,form_submit,2024-10-09 20:25:58,/home,/facebook
47,session_306,page_view,2024-10-06 05:17:58,/home,/google
99,session_444,purchase,2024-10-06 00:01:58,/checkout,/twitter
95,session_132,page_view,2024-10-10 12:55:58,/checkout,/twitter
70,session_152,click,2024-10-06 03:07:58,/checkout,/facebook
10,session_97,form_submit,2024-10-04 16:44:58,/products/product123,/direct
92,session_270,page_view,2024-10-08 06:21:58,/products,/facebook
72,session_171,purchase,2024-10-05 13:10:58,/checkout,/google
36,session_123,click,2024-10-09 13:33:58,/products/product123,/email_campaign
86,session_14,page_view,2024-10-05 14:46:58,/contact,/facebook
70,session_157,page_view,2024-10-05 02:48:58,/home,/google
53,session_469,click,2024-10-10 04:36:58,/products/product123,/facebook
52,session_138,page_view,2024-10-05 19:59:58,/products,/facebook
14,session_51,purchase,2024-10-06 13:41:58,/products,/direct
44,session_127,form_submit,2024-10-04 08:23:58,/home,/email_campaign
30,session_349,click,2024-10-10 14:40:58,/checkout,/email_campaign
56,session_239,purchase,2024-10-05 19:08:58,/products,/direct
50,session_439,form_submit,2024-10-05 11:27:58,/about,/twitter
86,session_377,click,2024-10-07 06:13:58,/about,/direct
62,session_471,form_submit,2024-10-08 02:14:58,/products/product123,/direct
70,session_456,page_view,2024-10-08 05:57:58,/home,/email_campaign
89,session_143,click,2024-10-09 13:20:58,/contact,/facebook
14,session_88,click,2024-10-04 20:43:58,/products/product123,/direct
39,session_483,click,2024-10-10 01:08:58,/products/product123,/google
37,session_56,click,2024-10-09 15:21:58,/products/product123,/facebook
90,session_366,form_submit,2024-10-06 21:39:58,/home,/google
94,session_200,form_submit,2024-10-05 06:22:58,/products,/twitter
66,session_446,form_submit,2024-10-05 04:45:58,/products/product123,/direct
99,session_458,form_submit,2024-10-07 06:52:58,/products/product123,/direct
14,session_465,purchase,2024-10-10 16:18:58,/about,/twitter
80,session_225,click,2024-10-09 22:10:58,/checkout,/direct
49,session_230,click,2024-10-10 03:16:58,/home,/twitter
44,session_386,purchase,2024-10-05 00:27:58,/products,/direct
28,session_278,scroll,2024-10-10 16:25:58,/home,/email_campaign
78,session_11,form_submit,2024-10-04 05:14:58,/contact,/direct
39,session_196,form_submit,2024-10-06 01:56:58,/checkout,/facebook
60,session_133,purchase,2024-10-04 12:16:58,/about,/email_campaign
88,session_492,form_submit,2024-10-07 17:25:58,/home,/twitter
1,session_311,click,2024-10-03 22:59:58,/home,/twitter
99,session_266,scroll,2024-10-06 07:04:58,/checkout,/facebook
39,session_175,click,2024-10-08 22:38:58,/contact,/twitter
39,session_253,click,2024-10-10 04:17:58,/home,/facebook
20,session_23,form_submit,2024-10-07 02:30:58,/products/product123,/twitter
91,session_96,page_view,2024-10-05 15:07:58,/products,/google
71,session_134,scroll,2024-10-04 05:09:58,/about,/google
43,session_83,click,2024-10-08 16:09:58,/contact,/email_campaign
49,session_245,scroll,2024-10-03 21:38:58,/products/product123,/facebook
99,session_433,form_submit,2024-10-08 11:44:58,/home,/twitter
37,session_104,form_submit,2024-10-08 06:00:58,/about,/google
28,session_261,form_submit,2024-10-07 05:40:58,/home,/twitter
1,session_304,purchase,2024-10-08 02:50:58,/checkout,/facebook
85,session_57,page_view,2024-10-07 23:51:58,/about,/direct
64,session_498,scroll,2024-10-05 21:52:58,/contact,/direct
39,session_13,purchase,2024-10-05 22:44:58,/about,/facebook
19,session_418,form_submit,2024-10-09 09:53:58,/products/product123,/email_campaign
9,session_48,page_view,2024-10-09 02:15:58,/contact,/twitter
84,session_391,form_submit,2024-10-08 06:08:58,/products/product123,/direct
34,session_453,scroll,2024-10-04 15:43:58,/about,/google
61,session_119,page_view,2024-10-04 08:00:58,/products,/direct
74,session_339,form_submit,2024-10-07 22:03:58,/checkout,/email_campaign
83,session_332,scroll,2024-10-10 12:17:58,/products/product123,/twitter
2,session_9,page_view,2024-10-06 17:56:58,/products/product123,/facebook
78,session_70,click,2024-10-10 00:21:58,/checkout,/email_campaign
36,session_450,click,2024-10-07 04:22:58,/home,/twitter
21,session_379,purchase,2024-10-10 15:28:58,/home,/google
12,session_161,purchase,2024-10-08 12:17:58,/products/product123,/facebook
79,session_22,purchase,2024-10-05 17:22:58,/home,/facebook
49,session_221,purchase,2024-10-08 17:51:58,/products,/facebook
21,session_482,page_view,2024-10-04 04:07:58,/contact,/twitter
70,session_278,purchase,2024-10-06 04:51:58,/checkout,/facebook
88,session_87,scroll,2024-10-08 12:50:58,/home,/direct
23,session_20,form_submit,2024-10-09 05:21:58,/products,/twitter
100,session_4,click,2024-10-09 22:59:58,/products,/twitter
31,session_193,purchase,2024-10-05 15:13:58,/products/product123,/facebook
14,session_237,purchase,2024-10-04 14:59:58,/checkout,/direct
32,session_62,page_view,2024-10-08 09:34:58,/products/product123,/twitter
62,session_159,scroll,2024-10-05 18:07:58,/checkout,/email_campaign
31,session_271,page_view,2024-10-05 20:24:58,/home,/facebook
7,session_287,page_view,2024-10-05 14:36:58,/products/product123,/twitter
44,session_262,click,2024-10-04 10:20:58,/contact,/direct
63,session_150,scroll,2024-10-07 21:43:58,/checkout,/twitter
66,session_225,page_view,2024-10-08 08:07:58,/contact,/direct
71,session_59,page_view,2024-10-04 16:16:58,/home,/facebook
53,session_362,click,2024-10-06 03:16:58,/home,/facebook
53,session_44,purchase,2024-10-05 18:15:58,/checkout,/direct
49,session_499,page_view,2024-10-07 02:02:58,/products/product123,/direct
75,session_360,scroll,2024-10-08 12:00:58,/contact,/twitter
92,session_265,scroll,2024-10-07 00:52:58,/home,/twitter
50,session_319,page_view,2024-10-10 14:17:58,/about,/google
30,session_186,scroll,2024-10-08 16:37:58,/about,/google
30,session_374,click,2024-10-09 19:49:58,/products,/email_campaign
13,session_212,scroll,2024-10-04 12:04:58,/contact,/direct
40,session_237,purchase,2024-10-05 04:43:58,/products,/facebook
50,session_87,page_view,2024-10-05 11:42:58,/contact,/twitter
11,session_367,scroll,2024-10-06 14:03:58,/home,/google
37,session_440,form_submit,2024-10-09 02:04:58,/products/product123,/direct
36,session_193,click,2024-10-07 10:57:58,/products,/email_campaign
89,session_187,form_submit,2024-10-04 00:34:58,/checkout,/facebook
81,session_174,form_submit,2024-10-04 13:23:58,/checkout,/google
38,session_127,click,2024-10-06 19:12:58,/about,/facebook
97,session_278,page_view,2024-10-10 16:56:58,/products/product123,/email_campaign
21,session_128,form_submit,2024-10-09 04:16:58,/about,/google
83,session_489,scroll,2024-10-08 08:44:58,/home,/google
68,session_361,purchase,2024-10-07 17:22:58,/contact,/google
11,session_278,form_submit,2024-10-05 20:20:58,/about,/twitter
23,session_84,click,2024-10-09 23:10:58,/home,/email_campaign
29,session_415,form_submit,2024-10-10 11:06:58,/products/product123,/direct
52,session_422,click,2024-10-05 23:44:58,/products/product123,/direct
15,session_296,scroll,2024-10-07 13:12:58,/products,/email_campaign
50,session_171,click,2024-10-06 20:52:58,/contact,/email_campaign
79,session_96,purchase,2024-10-07 19:20:58,/products,/direct
88,session_326,form_submit,2024-10-10 13:23:58,/about,/email_campaign
94,session_201,page_view,2024-10-04 10:40:58,/about,/email_campaign
49,session_213,scroll,2024-10-09 14:03:58,/contact,/facebook
88,session_10,purchase,2024-10-07 02:26:58,/home,/google
46,session_166,page_view,2024-10-05 04:02:58,/checkout,/direct
42,session_443,purchase,2024-10-04 11:04:58,/products/product123,/facebook
92,session_40,purchase,2024-10-03 19:49:58,/home,/direct
87,session_19,page_view,2024-10-07 03:26:58,/products,/google
2,session_191,form_submit,2024-10-03 20:52:58,/home,/email_campaign
64,session_181,form_submit,2024-10-05 12:54:58,/checkout,/direct
5,session_153,purchase,2024-10-06 07:32:58,/contact,/facebook
15,session_85,purchase,2024-10-08 10:50:58,/about,/facebook
55,session_265,page_view,2024-10-05 06:52:58,/contact,/email_campaign
72,session_30,form_submit,2024-10-07 08:56:58,/products/product123,/facebook
55,session_329,form_submit,2024-10-04 20:55:58,/products,/facebook
55,session_128,purchase,2024-10-04 15:28:58,/products/product123,/direct
73,session_204,click,2024-10-08 20:04:58,/contact,/email_campaign
88,session_483,page_view,2024-10-04 10:45:58,/products/product123,/twitter
87,session_424,click,2024-10-04 20:44:58,/contact,/facebook
33,session_445,click,2024-10-05 19:08:58,/products,/google
16,session_10,purchase,2024-10-08 07:11:58,/about,/facebook
94,session_334,scroll,2024-10-08 06:31:58,/products/product123,/email_campaign
93,session_381,scroll,2024-10-09 02:47:58,/products,/twitter
59,session_271,purchase,2024-10-07 04:55:58,/contact,/email_campaign
90,session_241,scroll,2024-10-10 08:31:58,/contact,/email_campaign
14,session_128,form_submit,2024-10-04 00:00:58,/contact,/google
3,session_308,click,2024-10-08 04:26:58,/about,/google
30,session_29,page_view,2024-10-06 05:44:58,/about,/facebook
44,session_216,form_submit,2024-10-09 04:12:58,/products,/facebook
55,session_135,click,2024-10-03 23:34:58,/products/product123,/twitter
72,session_295,scroll,2024-10-06 13:34:58,/home,/email_campaign
38,session_165,purchase,2024-10-08 05:05:58,/home,/google
80,session_181,scroll,2024-10-04 23:09:58,/contact,/direct
18,session_471,scroll,2024-10-04 00:59:58,/products/product123,/direct
26,session_459,form_submit,2024-10-10 13:18:58,/products,/facebook
44,session_359,page_view,2024-10-05 14:38:58,/home,/email_campaign
34,session_258,click,2024-10-08 03:34:58,/home,/google
96,session_104,scroll,2024-10-08 05:50:58,/checkout,/twitter
55,session_275,scroll,2024-10-04 21:47:58,/contact,/google
80,session_75,purchase,2024-10-04 08:18:58,/about,/email_campaign
52,session_97,page_view,2024-10-08 23:05:58,/contact,/email_campaign
100,session_455,form_submit,2024-10-04 03:19:58,/about,/google
78,session_23,scroll,2024-10-04 18:24:58,/contact,/facebook
50,session_368,page_view,2024-10-07 20:07:58,/home,/twitter
47,session_223,click,2024-10-07 13:57:58,/products/product123,/direct
65,session_404,scroll,2024-10-09 03:13:58,/products/product123,/facebook
96,session_54,purchase,2024-10-05 16:10:58,/products,/twitter
66,session_35,click,2024-10-04 11:14:58,/products,/twitter
18,session_150,purchase,2024-10-06 04:33:58,/home,/email_campaign
89,session_430,page_view,2024-10-08 22:32:58,/home,/facebook
5,session_384,page_view,2024-10-05 16:31:58,/contact,/email_campaign
54,session_50,purchase,2024-10-05 13:11:58,/products/product123,/twitter
75,session_68,form_submit,2024-10-08 06:43:58,/products,/direct
37,session_234,page_view,2024-10-05 19:34:58,/contact,/direct
1,session_344,purchase,2024-10-08 23:20:58,/home,/facebook
60,session_363,click,2024-10-04 03:08:58,/home,/email_campaign
53,session_194,click,2024-10-06 04:58:58,/about,/twitter
84,session_186,page_view,2024-10-06 08:08:58,/products/product123,/google
24,session_147,purchase,2024-10-07 12:23:58,/contact,/direct
3,session_32,click,2024-10-10 10:36:58,/products/product123,/google
61,session_221,click,2024-10-09 20:28:58,/checkout,/twitter
39,session_229,purchase,2024-10-08 21:12:58,/checkout,/twitter
87,session_381,scroll,2024-10-07 04:51:58,/products/product123,/twitter
55,session_199,form_submit,2024-10-07 22:42:58,/contact,/twitter
25,session_69,click,2024-10-06 13:44:58,/products,/facebook
58,session_42,scroll,2024-10-10 01:23:58,/products/product123,/facebook
52,session_338,page_view,2024-10-08 04:16:58,/products/product123,/facebook
49,session_471,click,2024-10-05 20:21:58,/contact,/twitter
93,session_320,form_submit,2024-10-09 10:28:58,/about,/facebook
92,session_29,click,2024-10-06 20:07:58,/about,/email_campaign
63,session_112,form_submit,2024-10-10 01:29:58,/products,/twitter
82,session_192,form_submit,2024-10-08 11:52:58,/checkout,/facebook
47,session_100,purchase,2024-10-04 14:42:58,/home,/direct
8,session_116,purchase,2024-10-07 08:05:58,/products/product123,/email_campaign
100,session_313,page_view,2024-10-06 05:40:58,/home,/direct
81,session_191,click,2024-10-05 06:14:58,/about,/email_campaign
62,session_336,form_submit,2024-10-08 17:26:58,/about,/email_campaign
52,session_70,scroll,2024-10-08 03:00:58,/contact,/email_campaign
60,session_248,purchase,2024-10-05 00:21:58,/products,/direct
46,session_343,page_view,2024-10-08 11:20:58,/checkout,/google
1,session_8,page_view,2024-10-08 00:31:58,/checkout,/twitter
11,session_211,scroll,2024-10-04 05:56:58,/contact,/twitter
40,session_229,form_submit,2024-10-06 23:46:58,/products/product123,/facebook
47,session_357,form_submit,2024-10-08 23:19:58,/about,/google
70,session_364,purchase,2024-10-05 00:37:58,/home,/facebook
92,session_434,click,2024-10-08 20:52:58,/about,/facebook
62,session_277,scroll,2024-10-06 03:49:58,/checkout,/twitter
5,session_396,scroll,2024-10-10 17:25:58,/checkout,/facebook
86,session_236,scroll,2024-10-07 15:56:58,/products,/twitter
30,session_422,page_view,2024-10-07 13:30:58,/home,/email_campaign
73,session_236,purchase,2024-10-05 13:04:58,/checkout,/email_campaign
57,session_1,purchase,2024-10-04 17:14:58,/products,/twitter
8,session_233,scroll,2024-10-09 05:21:58,/contact,/email_campaign
16,session_451,click,2024-10-09 02:00:58,/checkout,/google
95,session_494,form_submit,2024-10-10 16:18:58,/contact,/email_campaign
69,session_84,form_submit,2024-10-04 03:07:58,/checkout,/email_campaign
75,session_367,click,2024-10-04 14:22:58,/contact,/email_campaign
35,session_210,purchase,2024-10-07 21:29:58,/products,/email_campaign
23,session_204,form_submit,2024-10-09 09:48:58,/home,/email_campaign
99,session_10,form_submit,2024-10-05 00:08:58,/home,/direct
6,session_92,form_submit,2024-10-05 20:05:58,/about,/email_campaign
24,session_123,click,2024-10-07 20:31:58,/checkout,/facebook
43,session_136,form_submit,2024-10-10 16:09:58,/about,/twitter
91,session_221,purchase,2024-10-05 09:37:58,/about,/google
38,session_298,scroll,2024-10-06 05:31:58,/home,/twitter
44,session_13,page_view,2024-10-04 08:33:58,/home,/email_campaign
25,session_387,page_view,2024-10-04 23:04:58,/about,/email_campaign
22,session_193,page_view,2024-10-07 19:34:58,/products/product123,/email_campaign
93,session_155,click,2024-10-04 05:27:58,/products/product123,/twitter
75,session_103,page_view,2024-10-08 09:21:58,/products,/direct
99,session_470,page_view,2024-10-05 09:24:58,/home,/google
95,session_36,page_view,2024-10-06 20:59:58,/products/product123,/facebook
51,session_85,form_submit,2024-10-06 11:42:58,/about,/google
57,session_364,form_submit,2024-10-06 06:36:58,/home,/email_campaign
12,session_377,purchase,2024-10-07 22:59:58,/home,/email_campaign
53,session_305,click,2024-10-07 07:01:58,/about,/direct
5,session_427,page_view,2024-10-09 14:59:58,/checkout,/email_campaign
2,session_449,scroll,2024-10-07 03:18:58,/contact,/direct
58,session_462,page_view,2024-10-10 12:13:58,/about,/facebook
8,session_125,click,2024-10-05 08:47:58,/contact,/google
83,session_488,click,2024-10-05 08:27:58,/products/product123,/direct
21,session_84,form_submit,2024-10-06 01:39:58,/products,/google
74,session_72,form_submit,2024-10-06 01:21:58,/checkout,/twitter
93,session_386,page_view,2024-10-09 20:39:58,/contact,/email_campaign
57,session_156,form_submit,2024-10-09 05:05:58,/home,/twitter
18,session_119,purchase,2024-10-08 07:35:58,/about,/twitter
46,session_338,click,2024-10-07 04:59:58,/checkout,/twitter
82,session_102,click,2024-10-08 03:41:58,/contact,/google
14,session_106,scroll,2024-10-06 07:34:58,/products,/google
85,session_468,form_submit,2024-10-06 08:55:58,/products/product123,/email_campaign
29,session_403,form_submit,2024-10-09 16:39:58,/contact,/twitter
20,session_224,page_view,2024-10-05 12:23:58,/products,/email_campaign
47,session_385,page_view,2024-10-08 04:00:58,/products/product123,/facebook
95,session_381,form_submit,2024-10-05 15:58:58,/products,/direct
66,session_377,click,2024-10-06 04:08:58,/products/product123,/direct
72,session_233,purchase,2024-10-07 13:15:58,/products,/email_campaign
54,session_74,click,2024-10-04 22:28:58,/about,/email_campaign
65,session_275,click,2024-10-09 18:13:58,/home,/twitter
64,session_54,form_submit,2024-10-04 16:53:58,/about,/twitter
51,session_238,page_view,2024-10-09 16:36:58,/contact,/direct
40,session_151,purchase,2024-10-05 22:25:58,/about,/direct
59,session_300,form_submit,2024-10-09 00:21:58,/checkout,/email_campaign
78,session_331,purchase,2024-10-10 13:28:58,/checkout,/google
76,session_5,form_submit,2024-10-05 13:33:58,/products,/email_campaign
63,session_388,scroll,2024-10-09 03:02:58,/products,/facebook
61,session_209,purchase,2024-10-06 04:09:58,/products/product123,/twitter
47,session_112,scroll,2024-10-09 10:16:58,/checkout,/email_campaign
16,session_75,click,2024-10-07 10:44:58,/products/product123,/email_campaign
22,session_95,purchase,2024-10-06 18:36:58,/home,/twitter
72,session_207,form_submit,2024-10-04 01:09:58,/products,/facebook
78,session_190,page_view,2024-10-08 10:14:58,/products/product123,/google
76,session_314,page_view,2024-10-05 17:40:58,/contact,/twitter
27,session_109,scroll,2024-10-07 01:15:58,/products/product123,/facebook
60,session_31,click,2024-10-07 11:46:58,/products,/facebook
67,session_390,scroll,2024-10-09 22:10:58,/checkout,/google
41,session_406,purchase,2024-10-05 06:45:58,/products,/google
28,session_418,form_submit,2024-10-04 20:40:58,/home,/google
89,session_357,scroll,2024-10-08 17:47:58,/products/product123,/email_campaign
8,session_449,click,2024-10-05 21:58:58,/about,/twitter
4,session_456,page_view,2024-10-10 10:52:58,/about,/google
13,session_213,scroll,2024-10-08 21:43:58,/about,/facebook
60,session_450,scroll,2024-10-06 23:53:58,/contact,/twitter
90,session_281,scroll,2024-10-09 02:07:58,/contact,/direct
39,session_488,form_submit,2024-10-06 02:46:58,/checkout,/google
28,session_40,form_submit,2024-10-06 23:55:58,/checkout,/facebook
97,session_498,click,2024-10-06 06:30:58,/contact,/email_campaign
87,session_195,form_submit,2024-10-04 22:01:58,/checkout,/facebook
39,session_309,page_view,2024-10-07 22:25:58,/contact,/google
72,session_261,page_view,2024-10-08 06:49:58,/checkout,/direct
32,session_14,form_submit,2024-10-07 16:31:58,/products,/google
86,session_100,purchase,2024-10-07 00:15:58,/products/product123,/facebook
48,session_97,scroll,2024-10-09 05:49:58,/products/product123,/email_campaign
26,session_451,form_submit,2024-10-09 07:27:58,/checkout,/twitter
100,session_127,page_view,2024-10-04 03:02:58,/checkout,/email_campaign
44,session_122,scroll,2024-10-10 10:28:58,/products/product123,/twitter
99,session_474,page_view,2024-10-07 05:37:58,/products/product123,/email_campaign
27,session_27,click,2024-10-09 03:31:58,/about,/email_campaign
47,session_408,form_submit,2024-10-05 05:44:58,/home,/google
97,session_10,form_submit,2024-10-04 14:28:58,/contact,/facebook
61,session_77,click,2024-10-09 11:55:58,/home,/facebook
17,session_420,click,2024-10-04 04:55:58,/products,/google
78,session_197,scroll,2024-10-09 11:57:58,/home,/email_campaign
68,session_50,form_submit,2024-10-08 06:53:58,/products/product123,/twitter
90,session_300,form_submit,2024-10-04 12:29:58,/about,/twitter
28,session_377,scroll,2024-10-10 07:27:58,/products/product123,/facebook
54,session_364,form_submit,2024-10-07 13:03:58,/products/product123,/google
99,session_180,scroll,2024-10-08 00:56:58,/checkout,/email_campaign
20,session_246,purchase,2024-10-05 17:49:58,/about,/facebook
12,session_123,form_submit,2024-10-10 15:08:58,/home,/email_campaign
50,session_468,form_submit,2024-10-03 23:16:58,/about,/email_campaign
36,session_175,purchase,2024-10-05 04:52:58,/about,/twitter
87,session_419,click,2024-10-06 21:18:58,/products,/twitter
94,session_199,page_view,2024-10-04 05:52:58,/home,/email_campaign
11,session_176,page_view,2024-10-10 14:59:58,/about,/google
41,session_195,scroll,2024-10-06 22:41:58,/about,/twitter
70,session_207,page_view,2024-10-03 21:01:58,/products/product123,/facebook
33,session_313,click,2024-10-04 09:33:58,/home,/facebook
64,session_262,scroll,2024-10-09 13:25:58,/contact,/direct
56,session_434,form_submit,2024-10-06 08:11:58,/checkout,/facebook
54,session_278,purchase,2024-10-10 08:53:58,/products/product123,/facebook
36,session_128,page_view,2024-10-06 18:50:58,/home,/direct
77,session_390,click,2024-10-10 00:24:58,/about,/twitter
44,session_18,scroll,2024-10-06 10:26:58,/products,/twitter
92,session_454,form_submit,2024-10-07 15:17:58,/contact,/direct
2,session_8,click,2024-10-08 23:47:58,/products,/email_campaign
60,session_305,click,2024-10-09 11:49:58,/home,/google
72,session_213,form_submit,2024-10-08 09:34:58,/home,/google
60,session_332,form_submit,2024-10-05 13:11:58,/products/product123,/google
59,session_319,scroll,2024-10-06 05:24:58,/contact,/google
53,session_52,purchase,2024-10-05 19:36:58,/products,/email_campaign
81,session_219,page_view,2024-10-08 21:00:58,/products/product123,/google
58,session_77,scroll,2024-10-07 03:27:58,/checkout,/facebook
28,session_492,form_submit,2024-10-10 08:21:58,/products,/twitter
83,session_299,scroll,2024-10-10 00:42:58,/contact,/email_campaign
28,session_267,form_submit,2024-10-05 20:05:58,/products/product123,/google
40,session_186,page_view,2024-10-04 08:28:58,/home,/twitter
93,session_24,click,2024-10-05 01:14:58,/contact,/email_campaign
60,session_272,form_submit,2024-10-04 05:19:58,/products/product123,/email_campaign
60,session_134,purchase,2024-10-10 03:01:58,/contact,/twitter
62,session_186,click,2024-10-09 16:34:58,/about,/twitter
31,session_232,scroll,2024-10-05 17:43:58,/products,/google
97,session_445,form_submit,2024-10-07 13:44:58,/contact,/twitter
